age,sex,cp,trestbps,chol,fbs,restecg,thalach,exang,oldpeak,slope,prediction,heart_disease_probability
49.0,1.0,4.0,130.0,206.0,0.0,0.0,170.0,0.0,0.0,,0,0.3281308145227522
61.0,1.0,4.0,120.0,282.0,0.0,1.0,135.0,1.0,4.0,3.0,1,0.9070743881326624
66.0,1.0,4.0,112.0,261.0,0.0,0.0,140.0,0.0,1.5,1.0,1,0.7358405044486731
65.0,1.0,4.0,136.0,248.0,0.0,0.0,140.0,1.0,4.0,3.0,1,0.9317016413160495
69.0,1.0,3.0,,271.0,0.0,2.0,,,,,0,0.43208388023056654
