target_binary,class_name,count,ratio
0,normal,411,0.4467391304347826
1,heart_disease,509,0.5532608695652174
