,missing_count,missing_ratio
ca,609,0.6633986928104575
thal,484,0.5272331154684096
slope,307,0.3344226579520697
chol,201,0.21895424836601307
fbs,90,0.09803921568627451
oldpeak,74,0.08061002178649238
trestbps,60,0.06535947712418301
thalach,55,0.05991285403050109
exang,55,0.05991285403050109
restecg,2,0.002178649237472767
cp,0,0.0
sex,0,0.0
age,0,0.0
target,0,0.0
source,0,0.0
