,missing_count,missing_ratio
ca,611,0.6641304347826087
thal,486,0.5282608695652173
slope,309,0.3358695652173913
fbs,90,0.09782608695652174
oldpeak,62,0.06739130434782609
trestbps,59,0.0641304347826087
thalach,55,0.059782608695652176
exang,55,0.059782608695652176
chol,30,0.03260869565217391
restecg,2,0.002173913043478261
cp,0,0.0
sex,0,0.0
age,0,0.0
target,0,0.0
source,0,0.0
