feature,q1,q3,iqr,lower_bound,upper_bound,outlier_count,outlier_ratio
age,47.0,60.0,13.0,27.5,79.5,0,0.0
trestbps,120.0,140.0,20.0,90.0,170.0,28,0.032520325203252036
chol,175.0,268.0,93.0,35.5,407.5,183,0.20561797752808988
thalach,120.0,157.0,37.0,64.5,212.5,2,0.0023121387283236996
oldpeak,0.0,1.5,1.5,-2.25,3.75,16,0.018648018648018648
